UrunAdi,Fiyati
Apple AirPods (3. nesil),"2.986,01 TL"
Apple AirPods Pro ( Yeni Nesil MagSafe Şarj Kutulu) 2021,"3.986,01 TL"
"Beats Fit Pro: Gürültü Önleme Özellikli Gerçek Kablosuz Kulak İçi Kulaklık - Tere Dayanıklı Kulaklıklar, Apple ve Android ile Uyumlu, Class 1 Bluetooth®, Yerleşik Mikrofon - Nane ve Gri","3.199,00 TL"
Apple AirPods Pro ( Yeni Nesil MagSafe Şarj Kutulu) 2021,"3.986,01 TL"
Apple AirPods (3. nesil),"2.986,01 TL"
"Apple MMTN2TU/A Lightning Konnektörlü EarPods Kulaklık, Beyaz","300,00 TL"
"Apple 3,5 mm Kulaklık Jaklı EarPods","268,73 TL"
"JBL Tune 230 NC TWS – Su geçirmez, True-Wireless kulak içi kulaklık, gürültü önleyici, beyaz – 40 saate kadar müzik çalma","1.599,00 TL"
"Beats Fit Pro: Gürültü Önleme Özellikli Gerçek Kablosuz Kulak İçi Kulaklık - Tere Dayanıklı Kulaklıklar, Apple ve Android ile Uyumlu, Class 1 Bluetooth®, Yerleşik Mikrofon - Nane ve Gri","3.199,00 TL"
Jabra Elite 3 Kulak içi Kablosuz Bluetooth Kulaklık - Kişiselleştirilebilir Ses ve Mono Modu ile 4 Mikrofonlu ve Gürültü Önleyici Özellikli Gerçek Kablosuz Kulaklık - Lila,"929,00 TL"
Sennheiser Momentum In-Ear i Apple Uyumlu Krom Kulakiçi Silikonlu Kulaklık,"1.049,99 TL"
KUULAA Apple Airpods İçin Çengeli Kulaklık Kancası Tutucu Anti-Lost SİYAH,"74,89 TL"
Beats Flex - Tüm Gün Kullanım İçin Kablosuz Kulak İçi Kulaklık - Yuzu Sarısı,"1.399,00 TL"
"Beats Studio Buds, Gürültü Önleme Özellikli Gerçek Kablosuz Kulak İçi Kulaklık - Beyaz","2.196,56 TL"
"Sony LinkBuds S Tamamen Kablosuz Gürültü Engelleme Özellikli Kulaklık, Şarj Kutusu ile 20 saate Kadar Pil Ömrü - WF-LS900N Siyah","3.195,80 TL"
"Bose QuietComfort Earbuds Kablosuz Kulak-İçi Gürültü Giderme Kulaklığı, Siyah","4.739,00 TL"
"Sony WH1000XM4B.CE7 Gürültü Engelleme Özellikli Kablosuz Kulaklı, Siyah","4.199,00 TL"
"Bose Sport Earbuds Kablosuz Kulak-İçi Kulaklık, 15 Saat Çalma, Suya Dayanıklı, Siyah","2.799,00 TL"
"Airpods Pro 4 Max Matte Bluetooth Kulaklık Apple iPhone 7/8/X/11/12, Samsung, Huawei, Xiaomi İçin Uyumludur. Tüm Android ve İOS Cihazlar ile Uyumludur (İthalatçı Garantili)","249,99 TL"
Ally Apple Airpods Pro İnce Slim Silikon Kılıf MOR,"50,94 TL"
"KEF Mu3 True Wireless Kulak İçi Bluetooth Kulaklık, 15 Saat Çalma, Aktif Gürültü Engelleme, Gümüş Grisi","3.399,00 TL"
Apple iPhone Airpods Pro Kablolu Lightning Oem Kulaklık,"99,90 TL"
Sony WF-1000XM4 Tamamen Kablosuz Gürültü Engelleme Özellikli Kulaklık - Şarj Kutusu ile 24 saate kadar pil ömrü - Telefon görüşmeleri için dahili mikrofon - Sağlam Bluetooth Bağlantısı - Siyah,"3.899,00 TL"
"Sony WF-1000XM3 Kablosuz Kulak İçi Kulaklık, Gümüş","1.392,25 TL"
Wiwu 33060 Wiwu Earbuds 301 Lightning Kulaklık,"670,10 TL"
Sony WH-1000XM5 Tamamen Kablosuz Gürültü Engelleme Özellikli Kulaklık - 30 saate kadar pil ömrü - Google Asistan ile uyumlu - Telefon görüşmeleri için dahili mikrofon - Siyah,"9.289,70 TL"
